{
  "minmax": {
    "mse_axis": [
      8.983184729166263e-07,
      1.173721059976608e-06,
      2.725392345895e-07
    ],
    "mse_overall": 2.344578767482732e-06,
    "mae_axis": [
      0.000818670534695198,
      0.0009330417294175057,
      0.00045028796551734506
    ],
    "mae_overall": 0.046050742362329936
  },
  "unitsphere": {
    "mse_axis": [
      2.2970399774911926e-06,
      2.4496002808894303e-06,
      2.2715690945238055e-06
    ],
    "mse_overall": 7.018209352904427e-06,
    "mae_axis": [
      0.001297137758291712,
      0.0013686973992361497,
      0.0013085873008436882
    ],
    "mae_overall": 0.062050478306159076
  }
}