{
  "minmax": {
    "mse_axis": [
      1.1949387631550368e-06,
      0.0,
      1.1949387631550368e-06
    ],
    "mse_overall": 2.3898775263100744e-06,
    "mae_axis": [
      0.0009164222873900216,
      0.0,
      0.0009164222873900216
    ],
    "mae_overall": 0.04160765460192703
  },
  "unitsphere": {
    "mse_axis": [
      2.525702349479517e-06,
      2.669286101270609e-06,
      2.5257023494794822e-06
    ],
    "mse_overall": 7.720690800229603e-06,
    "mae_axis": [
      0.0013824181634276992,
      0.0013824181634277122,
      0.0013824181634276868
    ],
    "mae_overall": 0.06337231699205459
  }
}