{
  "minmax": {
    "mse_axis": [
      5.2543402568433e-08,
      2.720551375193651e-07,
      4.797175638121446e-08
    ],
    "mse_overall": 3.725702964690105e-07,
    "mae_axis": [
      0.00019609583070393622,
      0.00043841222556311046,
      0.0001911701697800098
    ],
    "mae_overall": 0.02810063382218907
  },
  "unitsphere": {
    "mse_axis": [
      4.2108638065860313e-07,
      4.6484795040501596e-07,
      3.974054700215148e-07
    ],
    "mse_overall": 1.2833398010851314e-06,
    "mae_axis": [
      0.0005543733308897994,
      0.0006209738129634406,
      0.0005475619179503552
    ],
    "mae_overall": 0.04093876491063125
  }
}