{
  "minmax": {
    "mse_axis": [
      2.636107364728589e-07,
      2.0694012050312048e-07,
      8.5209594695046e-11
    ],
    "mse_overall": 4.706360665706727e-07,
    "mae_axis": [
      0.00042580521222883083,
      0.00038879265516962504,
      3.874196238801295e-06
    ],
    "mae_overall": 0.027758022033535397
  },
  "unitsphere": {
    "mse_axis": [
      4.089326633797437e-07,
      3.4458829533800574e-07,
      3.1895575232796585e-07
    ],
    "mse_overall": 1.0724767110457108e-06,
    "mae_axis": [
      0.0005321488016124945,
      0.0004638398457125604,
      0.00048587499277641356
    ],
    "mae_overall": 0.03771578028949676
  }
}