{
  "minmax": {
    "mse_axis": [
      3.1480200226874476e-07,
      2.594645625615357e-07,
      4.2003657234661554e-08
    ],
    "mse_overall": 6.162702220649437e-07,
    "mae_axis": [
      0.0004907377713773688,
      0.00044145440685659516,
      0.0001774135672392133
    ],
    "mae_overall": 0.03273412226651698
  },
  "unitsphere": {
    "mse_axis": [
      3.5490057376427947e-07,
      3.7812600180831815e-07,
      3.487931255903199e-07
    ],
    "mse_overall": 1.0818197011629225e-06,
    "mae_axis": [
      0.0005192639840961358,
      0.00053926892236524,
      0.0005081501295019637
    ],
    "mae_overall": 0.03895509838437761
  }
}