{
  "minmax": {
    "mse_axis": [
      9.083780687073368e-07,
      1.3971271366607855e-06,
      6.155291767394302e-08
    ],
    "mse_overall": 2.367058123042045e-06,
    "mae_axis": [
      0.0008200550924989865,
      0.001040174264297238,
      0.00021490456525035832
    ],
    "mae_overall": 0.04467339708106686
  },
  "unitsphere": {
    "mse_axis": [
      1.93167230126595e-06,
      1.7254298323899302e-06,
      1.705013846820056e-06
    ],
    "mse_overall": 5.362115980475912e-06,
    "mae_axis": [
      0.0012113278250829769,
      0.0011336115426380101,
      0.0011164242878925876
    ],
    "mae_overall": 0.05784217344622268
  }
}