{
  "minmax": {
    "mse_axis": [
      4.331020767845622e-08,
      1.030992184993578e-07,
      3.000244119927595e-07
    ],
    "mse_overall": 4.4643383817057465e-07,
    "mae_axis": [
      0.0001638231939222565,
      0.00027134223252734546,
      0.0004850482268684305
    ],
    "mae_overall": 0.029764751890965953
  },
  "unitsphere": {
    "mse_axis": [
      4.678687826287257e-07,
      4.6817462052323864e-07,
      4.738102282183812e-07
    ],
    "mse_overall": 1.4098536313703447e-06,
    "mae_axis": [
      0.000599927585765098,
      0.0005995483647841596,
      0.0005972730389246907
    ],
    "mae_overall": 0.04176503535992884
  }
}