{
  "minmax": {
    "mse_axis": [
      1.3872481530843534e-09,
      3.7258767946683064e-07,
      1.8060393452584365e-08
    ],
    "mse_overall": 3.9203532107250176e-07,
    "mae_axis": [
      3.1514504295319584e-05,
      0.0005370669020616219,
      0.00011662957800452717
    ],
    "mae_overall": 0.02539651525397374
  },
  "unitsphere": {
    "mse_axis": [
      6.378172913025911e-07,
      5.97972413511807e-07,
      5.702417973836384e-07
    ],
    "mse_overall": 1.806031502198038e-06,
    "mae_axis": [
      0.0006894025516470312,
      0.0006690421691422714,
      0.0006470529560350665
    ],
    "mae_overall": 0.04405136489711792
  }
}