{
  "n_vertices": 2844,
  "min": [
    -0.199625,
    -0.0,
    -0.197126
  ],
  "max": [
    0.199625,
    1.0,
    0.197126
  ],
  "mean": [
    0.04325588291139213,
    0.5303887939521789,
    -0.0045929810126583
  ],
  "std": [
    0.11499120213771709,
    0.3897814914499447,
    0.09490337530568085
  ]
}