{
  "n_vertices": 1090,
  "min": [
    -0.5,
    0.0,
    -0.0225
  ],
  "max": [
    0.5,
    0.84317,
    0.0225
  ],
  "mean": [
    -0.0039873706422020655,
    0.4108673321100909,
    -0.00045412844036697253
  ],
  "std": [
    0.3456644195377801,
    0.2539774675133976,
    0.01097485476370518
  ]
}