{
  "n_vertices": 8400,
  "min": [
    -0.5,
    0.0,
    -0.181411
  ],
  "max": [
    0.5,
    0.904419,
    0.181411
  ],
  "mean": [
    0.0019820332142856706,
    0.40218390690476236,
    0.014128023333333274
  ],
  "std": [
    0.17843738223187747,
    0.2145354511975825,
    0.06175019531940703
  ]
}