{
  "n_vertices": 3106,
  "min": [
    -0.84375,
    -0.0,
    -0.212891
  ],
  "max": [
    0.841797,
    1.900391,
    0.210938
  ],
  "mean": [
    0.0050029414037346745,
    1.1592420882163768,
    -0.0035994043786219876
  ],
  "std": [
    0.39524613015968446,
    0.5116909927379446,
    0.09510717559455638
  ]
}