{
  "n_vertices": 1681,
  "min": [
    -0.031922,
    0.0,
    -0.117146
  ],
  "max": [
    0.031922,
    1.0,
    0.117146
  ],
  "mean": [
    0.021710707317073325,
    0.30250146341463324,
    -0.004353570493753718
  ],
  "std": [
    0.011132795684273094,
    0.23643367214838373,
    0.04661562648388801
  ]
}